"LocationName","Congeners","t05","t05.error","R2R","RMSE","Factor2"
"Spokane River Q","PCB209",-2.55753755336745,1.1778202914652,0.224162307144586,0.14604058482331,"97.7"
