"location","Observation","Predicted","RMSE","Pearson","Factor2_Percentage","NumTrees","Mtry","SplitRule","MinNodeSize"
"Portland Harbor",283.628638,179.84081014151,0.256175875865467,0.724708144465946,82.3529411764706,5000,6,"variance",5
"Portland Harbor",278.099737,179.84081014151,0.256175875865467,0.724708144465946,82.3529411764706,5000,6,"variance",5
"Portland Harbor",70.62,376.345482582323,0.256175875865467,0.724708144465946,82.3529411764706,5000,6,"variance",5
"Portland Harbor",327.35128,377.279679149332,0.256175875865467,0.724708144465946,82.3529411764706,5000,6,"variance",5
"Portland Harbor",123.02605,60.8766077533163,0.256175875865467,0.724708144465946,82.3529411764706,5000,6,"variance",5
"Portland Harbor",113.694118,103.452074300776,0.256175875865467,0.724708144465946,82.3529411764706,5000,6,"variance",5
"Portland Harbor",47.294765,103.452074300776,0.256175875865467,0.724708144465946,82.3529411764706,5000,6,"variance",5
"Portland Harbor",438.254363,318.414790988413,0.256175875865467,0.724708144465946,82.3529411764706,5000,6,"variance",5
"Portland Harbor",98.754224,150.001167450207,0.256175875865467,0.724708144465946,82.3529411764706,5000,6,"variance",5
"Portland Harbor",156.734829,150.001167450207,0.256175875865467,0.724708144465946,82.3529411764706,5000,6,"variance",5
"Portland Harbor",232.576559,150.001167450207,0.256175875865467,0.724708144465946,82.3529411764706,5000,6,"variance",5
"Portland Harbor",123.9555,63.7587509624277,0.256175875865467,0.724708144465946,82.3529411764706,5000,6,"variance",5
"Portland Harbor",60.13356,63.7587509624277,0.256175875865467,0.724708144465946,82.3529411764706,5000,6,"variance",5
"Portland Harbor",124.458674,69.2217673622949,0.256175875865467,0.724708144465946,82.3529411764706,5000,6,"variance",5
"Portland Harbor",137.4104,216.487332019117,0.256175875865467,0.724708144465946,82.3529411764706,5000,6,"variance",5
"Portland Harbor",711.392,995.629278816308,0.256175875865467,0.724708144465946,82.3529411764706,5000,6,"variance",5
"Portland Harbor",711.933,690.419465841119,0.256175875865467,0.724708144465946,82.3529411764706,5000,6,"variance",5
