"location","Observation","Predicted","RMSE","Pearson","Factor2_Percentage","NumTrees","Mtry","SplitRule","MinNodeSize"
"Bannister Fed Complex",1350,4081.21858329451,0.548345068124149,0.901026463177785,50,3000,4,"variance",5
"Bannister Fed Complex",422,4409.95879362374,0.548345068124149,0.901026463177785,50,3000,4,"variance",5
"Bannister Fed Complex",2999.7,3667.17782059363,0.548345068124149,0.901026463177785,50,3000,4,"variance",5
"Bannister Fed Complex",2401,7980.16727178681,0.548345068124149,0.901026463177785,50,3000,4,"variance",5
"Bannister Fed Complex",19441,27330.1712522835,0.548345068124149,0.901026463177785,50,3000,4,"variance",5
"Bannister Fed Complex",94934,29412.2390112124,0.548345068124149,0.901026463177785,50,3000,4,"variance",5
"Bannister Fed Complex",20375.9,17722.1585919999,0.548345068124149,0.901026463177785,50,3000,4,"variance",5
"Bannister Fed Complex",31089,26075.5559740954,0.548345068124149,0.901026463177785,50,3000,4,"variance",5
"Bannister Fed Complex",173,472.569304770561,0.548345068124149,0.901026463177785,50,3000,4,"variance",5
"Bannister Fed Complex",83,1099.34102573152,0.548345068124149,0.901026463177785,50,3000,4,"variance",5
"Bannister Fed Complex",212,196.85576733504,0.548345068124149,0.901026463177785,50,3000,4,"variance",5
"Bannister Fed Complex",90,1072.30303731468,0.548345068124149,0.901026463177785,50,3000,4,"variance",5
"Bannister Fed Complex",17298,14618.2253747223,0.548345068124149,0.901026463177785,50,3000,4,"variance",5
"Bannister Fed Complex",15312,10765.7198950252,0.548345068124149,0.901026463177785,50,3000,4,"variance",5
"Bannister Fed Complex",11295,16462.9342139932,0.548345068124149,0.901026463177785,50,3000,4,"variance",5
"Bannister Fed Complex",93333,15233.6219860087,0.548345068124149,0.901026463177785,50,3000,4,"variance",5
"Bannister Fed Complex",40859,137163.010666084,0.548345068124149,0.901026463177785,50,3000,4,"variance",5
"Bannister Fed Complex",201416,155774.126014663,0.548345068124149,0.901026463177785,50,3000,4,"variance",5
