"LocationName","t05","t05.error","R2R","RMSE","Factor2"
"Kalamazoo River",3.24630640227602,0.108300616070539,0.973613753399442,0.203728077823567,"84.9"
