"location","Observation","Predicted","RMSE","Pearson","Factor2_Percentage","NumTrees","Mtry","SplitRule","MinNodeSize"
"Lake Washington",162.018,517.205607508918,0.892223583972786,0.239289077354068,28.5714285714286,500,1,"variance",5
"Lake Washington",336.567,2323.32557187374,0.892223583972786,0.239289077354068,28.5714285714286,500,1,"variance",5
"Lake Washington",380.901,1049.01674054868,0.892223583972786,0.239289077354068,28.5714285714286,500,1,"variance",5
"Lake Washington",569.11,1003.48863738312,0.892223583972786,0.239289077354068,28.5714285714286,500,1,"variance",5
"Lake Washington",101.174,3529.05215495539,0.892223583972786,0.239289077354068,28.5714285714286,500,1,"variance",5
"Lake Washington",36442.46,1432.31964785079,0.892223583972786,0.239289077354068,28.5714285714286,500,1,"variance",5
"Lake Washington",6520.19,5550.44950243224,0.892223583972786,0.239289077354068,28.5714285714286,500,1,"variance",5
