"LocationName","Congeners","t05","t05.error","R2R","RMSE","Factor2"
"Lake Washington","PCB45.51",-0.957588444759148,0.443814081970728,0.804008956277309,0.219980874834976,"87.9"
