"LocationName","t05","t05.error","R2R","RMSE","Factor2"
"Chesapeake Bay",20.7941712292037,10.454555889217,0.476745948071277,0.425404889426548,"56.7"
