"location","Observation","Predicted","RMSE","Pearson","Factor2_Percentage","NumTrees","Mtry","SplitRule","MinNodeSize"
"Chesapeake Bay",6622.847967,4131.40588497704,0.252045659620853,0.863745185221394,72.2222222222222,5000,5,"variance",5
"Chesapeake Bay",3133.729374,1949.05607942862,0.252045659620853,0.863745185221394,72.2222222222222,5000,5,"variance",5
"Chesapeake Bay",1539.322624,1675.70903427739,0.252045659620853,0.863745185221394,72.2222222222222,5000,5,"variance",5
"Chesapeake Bay",1753.37617,6246.29557634519,0.252045659620853,0.863745185221394,72.2222222222222,5000,5,"variance",5
"Chesapeake Bay",2447,1592.38122617954,0.252045659620853,0.863745185221394,72.2222222222222,5000,5,"variance",5
"Chesapeake Bay",2299.9,1992.63996924051,0.252045659620853,0.863745185221394,72.2222222222222,5000,5,"variance",5
"Chesapeake Bay",2147.03,1965.54800361505,0.252045659620853,0.863745185221394,72.2222222222222,5000,5,"variance",5
"Chesapeake Bay",13344.74,6001.78876764824,0.252045659620853,0.863745185221394,72.2222222222222,5000,5,"variance",5
"Chesapeake Bay",674.89,1625.92100102616,0.252045659620853,0.863745185221394,72.2222222222222,5000,5,"variance",5
"Chesapeake Bay",31431.01585,26294.9506936295,0.252045659620853,0.863745185221394,72.2222222222222,5000,5,"variance",5
"Chesapeake Bay",1249.71,1288.15648275701,0.252045659620853,0.863745185221394,72.2222222222222,5000,5,"variance",5
"Chesapeake Bay",684.51,1954.27428168897,0.252045659620853,0.863745185221394,72.2222222222222,5000,5,"variance",5
"Chesapeake Bay",1043.6,1807.03944644639,0.252045659620853,0.863745185221394,72.2222222222222,5000,5,"variance",5
"Chesapeake Bay",1002.1,1177.53480105095,0.252045659620853,0.863745185221394,72.2222222222222,5000,5,"variance",5
"Chesapeake Bay",12408.28,5487.02248102851,0.252045659620853,0.863745185221394,72.2222222222222,5000,5,"variance",5
"Chesapeake Bay",1454.183,1930.97240306505,0.252045659620853,0.863745185221394,72.2222222222222,5000,5,"variance",5
"Chesapeake Bay",3277.32,3562.26864398262,0.252045659620853,0.863745185221394,72.2222222222222,5000,5,"variance",5
"Chesapeake Bay",16302.69885,11001.4880409103,0.252045659620853,0.863745185221394,72.2222222222222,5000,5,"variance",5
