"LocationName","t05","t05.error","R2R","RMSE","Factor2"
"Anacostia River",2.83136445824095,0.988965401360441,0.957785411949899,0.130119064928843,"97.1"
