"location","Observation","Predicted","RMSE","Pearson","Factor2_Percentage","NumTrees","Mtry","SplitRule","MinNodeSize"
"Anacostia River",50,20.2360132657483,0.227462118553172,0.95659806884585,85.7142857142857,1000,6,"variance",5
"Anacostia River",10,14.8672517498605,0.227462118553172,0.95659806884585,85.7142857142857,1000,6,"variance",5
"Anacostia River",110,155.653758580309,0.227462118553172,0.95659806884585,85.7142857142857,1000,6,"variance",5
"Anacostia River",4630,3865.9496229392,0.227462118553172,0.95659806884585,85.7142857142857,1000,6,"variance",5
"Anacostia River",5210,2906.79494220036,0.227462118553172,0.95659806884585,85.7142857142857,1000,6,"variance",5
"Anacostia River",1980,2913.27198112456,0.227462118553172,0.95659806884585,85.7142857142857,1000,6,"variance",5
"Anacostia River",1710,2976.13874470197,0.227462118553172,0.95659806884585,85.7142857142857,1000,6,"variance",5
"Anacostia River",180,226.641038284058,0.227462118553172,0.95659806884585,85.7142857142857,1000,6,"variance",5
"Anacostia River",100,184.764215514683,0.227462118553172,0.95659806884585,85.7142857142857,1000,6,"variance",5
"Anacostia River",790,635.631824756526,0.227462118553172,0.95659806884585,85.7142857142857,1000,6,"variance",5
"Anacostia River",350,553.893710358221,0.227462118553172,0.95659806884585,85.7142857142857,1000,6,"variance",5
"Anacostia River",150,402.231462553491,0.227462118553172,0.95659806884585,85.7142857142857,1000,6,"variance",5
"Anacostia River",1150,758.453583676756,0.227462118553172,0.95659806884585,85.7142857142857,1000,6,"variance",5
"Anacostia River",380,505.093100803048,0.227462118553172,0.95659806884585,85.7142857142857,1000,6,"variance",5
