"LocationName","Congeners","t05","t05.error","R2R","RMSE","Factor2"
"Lake Michigan","PCB89",-1.73947878476084,0.537283289198224,0.392045789305708,0.4079591543991,"77.7"
