"LocationName","t05","t05.error","R2R","RMSE","Factor2"
"Fox River",11.065328421199,1.91381761339083,0.780113793496992,0.216294020433804,"85.3"
