"LocationName","t05","t05.error","R2R","RMSE","Factor2"
"New Bedford Harbor",5.09314453935776,0.568957195019938,0.892066121197856,0.243848569099893,"81.2"
