"LocationName","t05","t05.error","R2R","RMSE","Factor2"
"Kalamazoo River",3.24515283679133,0.107111951166059,0.973618805883699,0.203748298812505,"84.9"
