"LocationName","Congeners","t05","t05.error","R2R","RMSE","Factor2"
"Hudson River","PCB6",0.918865404959055,0.317593921620783,0.69188110966473,0.599354685459339,"77.4"
